SellerCompanyID,Period,AmountTotal,AmountVAT,MarketVolume,SellerTransactions
1,8080,61617.95,10269.66,116441.04957446808,4
31,8080,131553.66999999998,21925.61,116441.04957446808,5
43,8080,94913.9,15818.98,116441.04957446808,2
34,8080,126610.42,21101.73,116441.04957446808,7
30,8080,78119.49,13019.91,116441.04957446808,3
5,8080,73375.38,12229.23,116441.04957446808,3
4,8080,143285.56,23880.93,116441.04957446808,8
29,8080,107897.78,17982.969999999998,116441.04957446808,3
27,8080,180295.24,30049.21,116441.04957446808,5
28,8080,164114.41,27352.4,116441.04957446808,5
36,8080,7079.54,1179.92,116441.04957446808,1
23,8080,1009.24,168.21,116441.04957446808,1
24,8080,134147.45,22357.91,116441.04957446808,4
35,8080,61717.73,10286.29,116441.04957446808,2
26,8080,41121.05,6853.52,116441.04957446808,5
25,8080,75575.39,12595.9,116441.04957446808,4
6,8080,71555.14,11925.86,116441.04957446808,1
33,8080,100422.17,16737.03,116441.04957446808,5
21,8080,159839.82,26639.98,116441.04957446808,6
22,8080,200717.18000000002,33452.86,116441.04957446808,5
13,8080,26475.510000000002,4412.58,116441.04957446808,2
48,8080,227649.94999999998,37941.65,116441.04957446808,6
16,8080,73148.53,12191.42,116441.04957446808,3
47,8080,205379.74,34229.96,116441.04957446808,4
18,8080,20372.16,3395.35,116441.04957446808,3
17,8080,216590.78000000003,36098.47,116441.04957446808,3
42,8080,15930.3,2655.05,116441.04957446808,2
40,8080,148208.74,24701.46,116441.04957446808,3
7,8080,214989.09,35831.509999999995,116441.04957446808,7
49,8080,315121.33,52520.21,116441.04957446808,7
46,8080,130666.67,21777.78,116441.04957446808,5
20,8080,134814.03,22469.0,116441.04957446808,4
8,8080,191601.3,31933.55,116441.04957446808,3
15,8080,218889.38,36481.56,116441.04957446808,5
38,8080,51644.36,8607.39,116441.04957446808,2
14,8080,43260.28,7210.05,116441.04957446808,1
9,8080,54009.08,9001.509999999998,116441.04957446808,4
11,8080,89403.39,14900.56,116441.04957446808,5
32,8080,169160.12,28193.36,116441.04957446808,5
44,8080,33813.369999999995,5635.56,116441.04957446808,3
41,8080,157883.66,26313.949999999997,116441.04957446808,5
50,8080,31934.96,5322.49,116441.04957446808,1
3,8080,85606.16,14267.69,116441.04957446808,3
2,8080,100821.47,16803.579999999998,116441.04957446808,3
39,8080,380167.67000000004,63361.28,116441.04957446808,5
10,8080,67324.78,11220.789999999999,116441.04957446808,6
12,8080,52894.01,8815.67,116441.04957446808,4
23,8081,111691.53,18615.25,149753.46833333332,5
21,8081,159682.91999999998,26613.82,149753.46833333332,5
36,8081,151279.2,25213.2,149753.46833333332,3
22,8081,143419.72,23903.29,149753.46833333332,3
45,8081,131998.88,21999.809999999998,149753.46833333332,4
24,8081,193209.8,32201.64,149753.46833333332,4
5,8081,68127.84,11354.64,149753.46833333332,4
27,8081,191433.09,31905.519999999997,149753.46833333332,6
29,8081,85495.06,14249.18,149753.46833333332,2
28,8081,16165.5,2694.25,149753.46833333332,3
35,8081,240492.47,40082.07,149753.46833333332,7
14,8081,346575.82,57762.64,149753.46833333332,6
38,8081,82788.59,13798.1,149753.46833333332,3
6,8081,263715.87,43952.64,149753.46833333332,8
33,8081,78329.34,13054.89,149753.46833333332,3
25,8081,54594.96000000001,9099.16,149753.46833333332,3
26,8081,112140.01000000001,18690.0,149753.46833333332,4
11,8081,147703.65,24617.28,149753.46833333332,5
48,8081,335106.82,55851.14,149753.46833333332,7
32,8081,114122.89,19020.48,149753.46833333332,3
44,8081,55010.92,9168.49,149753.46833333332,5
9,8081,73850.38,12308.39,149753.46833333332,4
15,8081,121011.67000000001,20168.61,149753.46833333332,3
8,8081,238198.82,39699.810000000005,149753.46833333332,7
16,8081,85551.79000000001,14258.64,149753.46833333332,3
13,8081,124873.65,20812.28,149753.46833333332,2
19,8081,67540.14,11256.69,149753.46833333332,4
46,8081,69869.04000000001,11644.84,149753.46833333332,3
47,8081,140873.02,23478.84,149753.46833333332,4
42,8081,28234.85,4705.81,149753.46833333332,1
7,8081,261013.58000000002,43502.26,149753.46833333332,8
49,8081,362448.75,60408.14,149753.46833333332,8
20,8081,183899.0,30649.84,149753.46833333332,4
17,8081,126812.43,21135.41,149753.46833333332,4
37,8081,94932.84,15822.14,149753.46833333332,5
18,8081,180814.34,30135.72,149753.46833333332,4
34,8081,192478.47,32079.74,149753.46833333332,4
10,8081,94150.12,15691.68,149753.46833333332,4
2,8081,61876.52,10312.75,149753.46833333332,1
3,8081,164563.81,27427.3,149753.46833333332,5
41,8081,94048.2,15674.7,149753.46833333332,2
12,8081,61500.369999999995,10250.06,149753.46833333332,2
43,8081,73664.98999999999,12277.5,149753.46833333332,3
4,8081,286805.53,47800.92,149753.46833333332,6
1,8081,182901.38,30483.56,149753.46833333332,5
30,8081,311004.75,51834.130000000005,149753.46833333332,8
31,8081,216970.95,36161.83,149753.46833333332,8
50,8081,205192.21,34198.7,149753.46833333332,4
31,8082,182359.91,30393.32,135703.15125,7
36,8082,96663.0,16110.5,135703.15125,3
22,8082,6332.93,1055.49,135703.15125,1
6,8082,6923.39,1153.9,135703.15125,1
33,8082,46711.16,7785.19,135703.15125,3
45,8082,75358.86,12559.810000000001,135703.15125,4
35,8082,87389.84999999999,14564.980000000001,135703.15125,2
24,8082,477952.33,79658.72,135703.15125,8
23,8082,28708.800000000003,4784.8,135703.15125,3
5,8082,127455.29,21242.54,135703.15125,3
49,8082,126011.76,21001.96,135703.15125,4
40,8082,198051.75,33008.619999999995,135703.15125,7
21,8082,142846.81,23807.8,135703.15125,5
46,8082,153078.51,25513.08,135703.15125,4
41,8082,97336.19,16222.7,135703.15125,4
19,8082,212569.3,35428.22,135703.15125,7
42,8082,234759.89,39126.65,135703.15125,7
17,8082,77320.56999999999,12886.76,135703.15125,3
47,8082,86119.73,14353.289999999999,135703.15125,5
37,8082,103668.20999999999,17278.03,135703.15125,3
18,8082,79760.87,13293.48,135703.15125,3
50,8082,94183.67,15697.279999999999,135703.15125,3
2,8082,283197.55,47199.590000000004,135703.15125,6
3,8082,144932.93,24155.489999999998,135703.15125,6
30,8082,114545.88,19090.98,135703.15125,4
34,8082,99576.66,16596.11,135703.15125,2
25,8082,96754.2,16125.7,135703.15125,2
4,8082,102048.1,17008.010000000002,135703.15125,2
29,8082,169452.7,28242.109999999997,135703.15125,4
27,8082,176114.63,29352.44,135703.15125,5
28,8082,131256.49,21876.079999999998,135703.15125,4
26,8082,110014.44,18335.74,135703.15125,1
43,8082,174547.56,29091.260000000002,135703.15125,3
11,8082,114618.89,19103.16,135703.15125,4
9,8082,127731.38,21288.56,135703.15125,8
44,8082,102247.64,17041.26,135703.15125,6
32,8082,157820.49000000002,26303.41,135703.15125,5
13,8082,185599.81000000003,30933.3,135703.15125,5
12,8082,60720.42,10120.07,135703.15125,3
14,8082,37506.66,6251.11,135703.15125,1
38,8082,243306.06,40551.01,135703.15125,7
15,8082,137032.14,22838.7,135703.15125,3
8,8082,91134.2,15189.029999999999,135703.15125,4
16,8082,142706.06,23784.35,135703.15125,3
7,8082,247462.72999999998,41243.78,135703.15125,5
1,8082,258416.16,43069.36,135703.15125,7
10,8082,197833.21,32972.2,135703.15125,4
39,8082,65611.49,10935.25,135703.15125,3
3,8083,69738.58,11623.11,113863.68260869566,6
2,8083,16639.3,2773.22,113863.68260869566,1
36,8083,206845.83000000002,34474.3,113863.68260869566,4
33,8083,223792.53999999998,37298.74,113863.68260869566,9
45,8083,103293.18,17215.53,113863.68260869566,3
24,8083,117420.02,19570.0,113863.68260869566,3
21,8083,231929.6,38654.93,113863.68260869566,5
49,8083,150203.46,25033.91,113863.68260869566,4
46,8083,76259.90000000001,12709.98,113863.68260869566,6
20,8083,54239.55,9039.92,113863.68260869566,3
23,8083,49048.55,8174.76,113863.68260869566,3
40,8083,59253.670000000006,9875.61,113863.68260869566,3
19,8083,97487.67,16247.95,113863.68260869566,2
42,8083,44653.6,7442.2699999999995,113863.68260869566,2
18,8083,153440.01,25573.34,113863.68260869566,4
7,8083,18967.49,3161.25,113863.68260869566,1
41,8083,7799.88,1299.98,113863.68260869566,1
34,8083,143237.91,23872.99,113863.68260869566,3
31,8083,8198.66,1366.44,113863.68260869566,2
11,8083,38802.04,6467.01,113863.68260869566,1
48,8083,17585.579999999998,2930.93,113863.68260869566,2
35,8083,55293.94,9215.65,113863.68260869566,3
5,8083,84963.61,14160.599999999999,113863.68260869566,3
17,8083,235284.33,39214.05,113863.68260869566,6
47,8083,261930.39,43655.07,113863.68260869566,8
37,8083,140681.65,23446.940000000002,113863.68260869566,5
25,8083,111457.18999999999,18576.190000000002,113863.68260869566,6
16,8083,47211.149999999994,7868.53,113863.68260869566,3
14,8083,166160.18,27693.36,113863.68260869566,3
8,8083,198169.49,33028.26,113863.68260869566,9
15,8083,185624.5,30937.41,113863.68260869566,6
27,8083,101988.23,16998.04,113863.68260869566,3
38,8083,107851.46,17975.24,113863.68260869566,4
4,8083,69465.01000000001,11577.51,113863.68260869566,3
29,8083,266054.01,44342.33,113863.68260869566,6
28,8083,121166.93,20194.48,113863.68260869566,5
9,8083,150070.89,25011.81,113863.68260869566,4
32,8083,59874.3,9979.05,113863.68260869566,3
44,8083,14584.43,2430.74,113863.68260869566,1
13,8083,151611.47999999998,25268.58,113863.68260869566,4
12,8083,70341.13,11723.52,113863.68260869566,2
1,8083,149062.75,24843.789999999997,113863.68260869566,4
10,8083,204681.08000000002,34113.52,113863.68260869566,5
30,8083,83054.23999999999,13842.369999999999,113863.68260869566,3
6,8083,259475.31,43245.89,113863.68260869566,4
22,8083,52834.7,8805.78,113863.68260869566,5
33,8084,41915.869999999995,6985.98,123228.8975,2
22,8084,53458.51,8909.75,123228.8975,1
30,8084,431807.2,71967.86,123228.8975,8
6,8084,60599.96,10100.0,123228.8975,2
12,8084,72099.04,12016.5,123228.8975,5
10,8084,113223.51,18870.58,123228.8975,3
9,8084,72950.56,12158.43,123228.8975,2
47,8084,112806.95,18801.16,123228.8975,3
50,8084,233999.54,38999.93,123228.8975,6
38,8084,48862.520000000004,8143.75,123228.8975,2
27,8084,103331.48999999999,17221.91,123228.8975,3
4,8084,113694.88,18949.15,123228.8975,5
28,8084,149969.63,24994.94,123228.8975,3
29,8084,160030.05,26671.68,123228.8975,3
13,8084,126173.87,21028.98,123228.8975,4
15,8084,53831.969999999994,8972.0,123228.8975,3
42,8084,209760.52000000002,34960.08,123228.8975,4
26,8084,16388.77,2731.46,123228.8975,2
25,8084,217240.69,36206.78,123228.8975,6
44,8084,256897.96000000002,42816.33,123228.8975,6
8,8084,185227.65,30871.27,123228.8975,5
16,8084,77186.57,12864.43,123228.8975,3
17,8084,33233.65,5538.9400000000005,123228.8975,2
37,8084,60299.22,10049.869999999999,123228.8975,3
41,8084,102837.85,17139.64,123228.8975,3
7,8084,248096.13999999998,41349.36,123228.8975,6
18,8084,125207.76000000001,20867.96,123228.8975,5
31,8084,219746.41,36624.4,123228.8975,5
11,8084,73233.35,12205.56,123228.8975,3
48,8084,119727.18000000001,19954.53,123228.8975,3
35,8084,96683.79,16113.960000000001,123228.8975,4
5,8084,110278.87,18379.82,123228.8975,4
45,8084,630.74,105.12,123228.8975,1
19,8084,49231.91,8205.32,123228.8975,2
23,8084,249015.39,41502.56,123228.8975,6
40,8084,72665.59,12110.929999999998,123228.8975,3
20,8084,13731.2,2288.5299999999997,123228.8975,2
24,8084,387831.39,64638.56,123228.8975,8
49,8084,87168.79000000001,14528.130000000001,123228.8975,2
46,8084,228287.23,38047.869999999995,123228.8975,5
2,8084,101923.39,16987.23,123228.8975,5
21,8084,103118.38,17186.39,123228.8975,6
36,8084,87850.95,14641.83,123228.8975,4
34,8084,8679.4,1446.57,123228.8975,1
39,8084,51882.33,8647.05,123228.8975,3
3,8084,188604.86,31434.15,123228.8975,7
1,8084,35582.31,5930.389999999999,123228.8975,4
32,8084,147981.29,24663.55,123228.8975,3
15,8085,65765.04999999999,10960.84,100507.564375,3
13,8085,198676.84,33112.799999999996,100507.564375,5
8,8085,100540.03,16756.67,100507.564375,4
43,8085,43967.16,7327.860000000001,100507.564375,3
16,8085,35071.380000000005,5845.23,100507.564375,2
14,8085,28742.9,4790.48,100507.564375,1
29,8085,144154.62,24025.770000000004,100507.564375,4
50,8085,197292.94,32882.16,100507.564375,6
4,8085,138807.36000000002,23134.56,100507.564375,5
47,8085,55899.53999999999,9316.59,100507.564375,2
28,8085,94355.86,15725.97,100507.564375,4
9,8085,131450.5,21908.41,100507.564375,4
38,8085,113875.45,18979.239999999998,100507.564375,7
27,8085,60924.81,10154.14,100507.564375,2
22,8085,75359.31999999999,12559.89,100507.564375,3
6,8085,123212.8,20535.46,100507.564375,5
40,8085,126558.23,21093.04,100507.564375,4
46,8085,28806.6,4801.09,100507.564375,5
20,8085,50724.64,8454.109999999999,100507.564375,3
37,8085,32944.74,5490.79,100507.564375,1
23,8085,173766.73,28961.12,100507.564375,5
18,8085,222097.16999999998,37016.19,100507.564375,6
41,8085,143957.57,23992.93,100507.564375,4
19,8085,40660.92,6776.82,100507.564375,1
30,8085,125240.91,20873.489999999998,100507.564375,6
10,8085,48890.61,8148.4400000000005,100507.564375,2
33,8085,259129.57,43188.27,100507.564375,9
12,8085,172992.2,28832.030000000002,100507.564375,4
17,8085,307317.76,51219.630000000005,100507.564375,5
25,8085,150974.75,25162.45,100507.564375,3
26,8085,65800.06,10966.68,100507.564375,2
44,8085,36253.53,6042.25,100507.564375,3
3,8085,272348.13,45391.36,100507.564375,6
2,8085,87078.65,14513.11,100507.564375,4
32,8085,84803.32,14133.89,100507.564375,2
31,8085,102613.18,17102.2,100507.564375,2
7,8085,55507.07000000001,9251.18,100507.564375,3
5,8085,130461.92,21743.649999999998,100507.564375,4
48,8085,26682.24,4447.04,100507.564375,1
11,8085,22244.03,3707.34,100507.564375,3
49,8085,7785.32,1297.56,100507.564375,2
34,8085,70021.88,11670.31,100507.564375,3
45,8085,130230.23,21705.04,100507.564375,4
39,8085,51208.14,8534.68,100507.564375,3
1,8085,59474.09,9912.35,100507.564375,1
36,8085,57047.869999999995,9507.98,100507.564375,3
21,8085,7022.68,1170.45,100507.564375,1
24,8085,65621.79000000001,10936.96,100507.564375,3
16,8086,234452.32,39075.39,112858.75520833333,5
26,8086,42934.39,7155.73,112858.75520833333,3
8,8086,88296.1,14716.02,112858.75520833333,2
43,8086,7030.34,1171.72,112858.75520833333,1
47,8086,46600.770000000004,7766.79,112858.75520833333,2
13,8086,155897.88,25982.98,112858.75520833333,5
15,8086,62031.659999999996,10338.6,112858.75520833333,5
14,8086,273197.82999999996,45532.97,112858.75520833333,7
37,8086,157423.84,26237.31,112858.75520833333,3
24,8086,148498.8,24749.800000000003,112858.75520833333,4
23,8086,16970.4,2828.4,112858.75520833333,2
29,8086,63525.06,10587.51,112858.75520833333,2
17,8086,327440.31,54573.39,112858.75520833333,8
49,8086,133745.72999999998,22290.96,112858.75520833333,6
19,8086,69269.17,11544.859999999999,112858.75520833333,2
20,8086,37471.28,6245.21,112858.75520833333,2
9,8086,101398.73,16899.79,112858.75520833333,6
27,8086,285326.97,47554.5,112858.75520833333,7
38,8086,37263.19,6210.53,112858.75520833333,2
4,8086,154003.52,25667.260000000002,112858.75520833333,6
28,8086,104280.99,17380.17,112858.75520833333,4
10,8086,4209.78,701.63,112858.75520833333,1
30,8086,174994.0,29165.660000000003,112858.75520833333,4
34,8086,67107.73,11184.619999999999,112858.75520833333,2
42,8086,60675.09999999999,10112.52,112858.75520833333,4
44,8086,94664.45000000001,15777.4,112858.75520833333,3
25,8086,74711.73999999999,12451.96,112858.75520833333,3
41,8086,195575.23,32595.870000000003,112858.75520833333,6
6,8086,245191.13,40865.189999999995,112858.75520833333,3
33,8086,149751.32,24958.550000000003,112858.75520833333,5
12,8086,9094.59,1515.76,112858.75520833333,2
32,8086,69963.04,11660.51,112858.75520833333,4
46,8086,97104.71,16184.119999999999,112858.75520833333,2
39,8086,51540.71000000001,8590.119999999999,112858.75520833333,2
1,8086,58217.58,9702.93,112858.75520833333,1
45,8086,73813.81,12302.3,112858.75520833333,3
22,8086,200072.82,33345.47,112858.75520833333,8
21,8086,178635.88,29772.65,112858.75520833333,3
31,8086,71445.24,11907.54,112858.75520833333,2
50,8086,148702.7,24783.79,112858.75520833333,3
35,8086,109507.73,18251.29,112858.75520833333,3
11,8086,64173.979999999996,10695.66,112858.75520833333,2
2,8086,171687.53,28614.58,112858.75520833333,7
36,8086,184657.58000000002,30776.26,112858.75520833333,4
18,8086,60756.59,10126.1,112858.75520833333,3
7,8086,7695.38,1282.56,112858.75520833333,1
40,8086,99341.54000000001,16556.92,112858.75520833333,3
48,8086,146869.08,24478.18,112858.75520833333,7
7,8087,153160.7,25526.78,108942.60285714286,5
40,8087,273025.01,45504.17,108942.60285714286,6
17,8087,134124.61000000002,22354.1,108942.60285714286,4
29,8087,10359.88,1726.65,108942.60285714286,1
49,8087,166771.90000000002,27795.32,108942.60285714286,3
11,8087,92838.62,15473.1,108942.60285714286,3
48,8087,105811.69,17635.28,108942.60285714286,2
1,8087,46889.340000000004,7814.889999999999,108942.60285714286,2
21,8087,111627.31999999999,18604.550000000003,108942.60285714286,4
22,8087,80639.72,13439.96,108942.60285714286,3
39,8087,68224.89,11370.82,108942.60285714286,3
3,8087,12760.02,2126.67,108942.60285714286,1
32,8087,80446.41,13407.740000000002,108942.60285714286,3
46,8087,53315.16,8885.86,108942.60285714286,3
24,8087,109462.41,18243.74,108942.60285714286,3
20,8087,69576.43,11596.08,108942.60285714286,4
4,8087,250627.7,41771.29,108942.60285714286,4
38,8087,125951.76999999999,20991.96,108942.60285714286,5
43,8087,131347.19,21891.19,108942.60285714286,4
8,8087,9442.699999999999,1573.7900000000002,108942.60285714286,2
44,8087,78973.52,13162.25,108942.60285714286,3
15,8087,86486.75,14414.46,108942.60285714286,2
47,8087,53615.35,8935.89,108942.60285714286,3
9,8087,140138.34,23356.39,108942.60285714286,2
50,8087,132301.91,22050.32,108942.60285714286,5
30,8087,118953.56,19825.59,108942.60285714286,4
33,8087,80841.18,13473.529999999999,108942.60285714286,4
6,8087,64928.229999999996,10821.369999999999,108942.60285714286,4
10,8087,49404.94,8234.16,108942.60285714286,3
12,8087,106685.01000000001,17780.84,108942.60285714286,2
28,8087,277528.81999999995,46254.8,108942.60285714286,9
31,8087,95660.06,15943.34,108942.60285714286,5
35,8087,111322.56,18553.76,108942.60285714286,4
41,8087,113081.20999999999,18846.86,108942.60285714286,5
42,8087,67979.33,11329.89,108942.60285714286,1
16,8087,135984.09,22664.01,108942.60285714286,3
37,8087,77897.33,12982.89,108942.60285714286,4
26,8087,244486.96,40747.83,108942.60285714286,5
18,8087,31040.61,5173.43,108942.60285714286,3
13,8087,43087.0,7181.16,108942.60285714286,2
2,8087,300373.9,50062.32,108942.60285714286,7
19,8087,233495.91,38915.99,108942.60285714286,4
45,8087,138987.62,23164.61,108942.60285714286,6
23,8087,99488.9,16581.48,108942.60285714286,4
5,8087,58558.17,9759.69,108942.60285714286,3
27,8087,65646.78,10941.130000000001,108942.60285714286,4
34,8087,2947.43,491.24,108942.60285714286,1
25,8087,213792.18,35632.04,108942.60285714286,6
36,8087,28096.42,4682.74,108942.60285714286,1
16,8088,271783.4,45297.24,103805.19936170214,7
15,8088,172245.1,28707.510000000002,103805.19936170214,7
17,8088,103435.77,17239.29,103805.19936170214,5
41,8088,26649.82,4441.64,103805.19936170214,2
37,8088,40272.92,6712.16,103805.19936170214,3
26,8088,39229.090000000004,6538.18,103805.19936170214,2
35,8088,159231.57,26538.6,103805.19936170214,3
47,8088,31016.17,5169.360000000001,103805.19936170214,2
13,8088,59955.85,9992.64,103805.19936170214,6
44,8088,49272.5,8212.08,103805.19936170214,3
34,8088,110072.68000000001,18345.45,103805.19936170214,2
43,8088,75474.95,12579.16,103805.19936170214,2
25,8088,272554.88,45425.81,103805.19936170214,6
14,8088,152605.89,25434.32,103805.19936170214,7
4,8088,109451.62,18241.94,103805.19936170214,2
1,8088,25836.06,4306.01,103805.19936170214,2
10,8088,12096.42,2016.07,103805.19936170214,1
27,8088,53976.78,8996.13,103805.19936170214,5
30,8088,138881.6,23146.93,103805.19936170214,3
33,8088,38329.14,6388.18,103805.19936170214,4
50,8088,45421.04,7570.17,103805.19936170214,1
6,8088,61294.88,10215.81,103805.19936170214,1
3,8088,129633.32,21605.550000000003,103805.19936170214,6
28,8088,78177.09999999999,13029.51,103805.19936170214,4
9,8088,84299.29000000001,14049.88,103805.19936170214,3
12,8088,12674.93,2112.49,103805.19936170214,2
31,8088,177202.39,29533.74,103805.19936170214,7
38,8088,112609.41,18768.23,103805.19936170214,2
8,8088,193580.75,32263.449999999997,103805.19936170214,7
29,8088,172448.02000000002,28741.34,103805.19936170214,5
40,8088,194224.36,32370.72,103805.19936170214,8
20,8088,130617.23999999999,21769.530000000002,103805.19936170214,5
49,8088,204849.5,34141.59,103805.19936170214,4
19,8088,51960.67,8660.11,103805.19936170214,2
5,8088,211625.69999999998,35270.950000000004,103805.19936170214,7
24,8088,48725.5,8120.92,103805.19936170214,1
18,8088,53795.03,8965.84,103805.19936170214,2
23,8088,176635.34,29439.22,103805.19936170214,9
7,8088,35416.18,5902.7,103805.19936170214,1
11,8088,188241.74,31373.62,103805.19936170214,6
39,8088,60975.05,10162.51,103805.19936170214,1
36,8088,248243.05000000002,41373.85,103805.19936170214,6
21,8088,104916.58,17486.1,103805.19936170214,3
45,8088,8339.32,1389.8799999999999,103805.19936170214,2
48,8088,65387.94,10897.990000000002,103805.19936170214,2
2,8088,67172.07,11195.35,103805.19936170214,3
32,8088,18005.76,3000.96,103805.19936170214,2
32,8089,130770.70999999999,21795.120000000003,102921.5706,5
2,8089,16092.36,2682.06,102921.5706,1
1,8089,115952.57,19325.43,102921.5706,5
50,8089,133022.28,22170.38,102921.5706,6
5,8089,108923.26000000001,18153.870000000003,102921.5706,2
6,8089,63610.85,10601.810000000001,102921.5706,2
21,8089,97828.15,16304.69,102921.5706,1
33,8089,174829.58000000002,29138.260000000002,102921.5706,3
18,8089,42232.5,7038.749999999999,102921.5706,3
23,8089,24767.56,4127.93,102921.5706,1
45,8089,106347.01000000001,17724.5,102921.5706,2
19,8089,2375.5,395.92,102921.5706,1
36,8089,23149.920000000002,3858.3300000000004,102921.5706,4
46,8089,119617.13,19936.19,102921.5706,3
20,8089,61813.240000000005,10302.21,102921.5706,5
22,8089,230369.52999999997,38394.92,102921.5706,5
24,8089,156847.76,26141.29,102921.5706,5
15,8089,85919.55,14319.93,102921.5706,5
26,8089,90061.48999999999,15010.25,102921.5706,2
7,8089,76019.75,12669.96,102921.5706,3
43,8089,201878.59,33646.44,102921.5706,7
34,8089,226081.22,37680.2,102921.5706,6
14,8089,183928.17,30654.7,102921.5706,5
8,8089,3432.51,572.0799999999999,102921.5706,2
44,8089,39306.8,6551.13,102921.5706,3
25,8089,115636.3,19272.72,102921.5706,3
17,8089,297352.15,49558.69,102921.5706,7
42,8089,170506.63,28417.77,102921.5706,6
37,8089,57909.04,9651.5,102921.5706,4
41,8089,132776.73,22129.45,102921.5706,3
40,8089,115437.71,19239.62,102921.5706,3
35,8089,128641.23000000001,21440.21,102921.5706,4
16,8089,24054.55,4009.09,102921.5706,1
30,8089,28845.2,4807.530000000001,102921.5706,3
29,8089,127902.31,21317.05,102921.5706,3
49,8089,122199.82,20366.629999999997,102921.5706,2
3,8089,17349.32,2891.55,102921.5706,3
10,8089,48851.76,8141.96,102921.5706,4
39,8089,6859.5,1143.25,102921.5706,1
28,8089,14922.19,2487.03,102921.5706,1
27,8089,106343.76,17723.96,102921.5706,2
12,8089,99237.47000000002,16539.58,102921.5706,4
9,8089,51867.590000000004,8644.6,102921.5706,3
31,8089,98290.79999999999,16381.8,102921.5706,6
38,8089,116997.53,19499.59,102921.5706,3
47,8089,62265.71,10377.619999999999,102921.5706,4
4,8089,22724.71,3787.45,102921.5706,2
48,8089,258077.52,43012.93,102921.5706,6
11,8089,231503.57,38583.93,102921.5706,4
13,8089,174347.44,29057.910000000003,102921.5706,5
40,8090,45684.649999999994,7614.11,124410.06306122449,2
6,8090,80199.44,13366.57,124410.06306122449,3
46,8090,206421.96,34403.66,124410.06306122449,5
37,8090,8210.52,1368.42,124410.06306122449,2
42,8090,77386.45,12897.74,124410.06306122449,2
35,8090,106342.44,17723.739999999998,124410.06306122449,4
17,8090,126162.64,21027.1,124410.06306122449,3
26,8090,211340.14,35223.35,124410.06306122449,8
34,8090,36728.32,6121.389999999999,124410.06306122449,3
27,8090,62366.049999999996,10394.34,124410.06306122449,2
7,8090,153825.79,25637.63,124410.06306122449,3
44,8090,89371.51000000001,14895.25,124410.06306122449,4
15,8090,146382.61,24397.1,124410.06306122449,7
41,8090,78424.07,13070.68,124410.06306122449,4
8,8090,191125.77,31854.3,124410.06306122449,5
14,8090,224042.0,37340.33,124410.06306122449,6
47,8090,159393.68,26565.620000000003,124410.06306122449,4
4,8090,92782.68000000001,15463.77,124410.06306122449,3
38,8090,99645.91,16607.65,124410.06306122449,1
31,8090,137494.58000000002,22915.760000000002,124410.06306122449,2
12,8090,86372.0,14395.33,124410.06306122449,5
28,8090,72242.98,12040.49,124410.06306122449,3
48,8090,56650.75,9441.789999999999,124410.06306122449,3
39,8090,180130.05,30021.67,124410.06306122449,6
3,8090,44325.41,7387.57,124410.06306122449,2
11,8090,156674.19,26112.37,124410.06306122449,4
30,8090,231159.11,38526.520000000004,124410.06306122449,6
29,8090,402816.88,67136.16,124410.06306122449,8
10,8090,84790.54,14131.75,124410.06306122449,2
16,8090,18241.789999999997,3040.2999999999997,124410.06306122449,2
18,8090,137633.49,22938.91,124410.06306122449,3
36,8090,241427.51,40237.93,124410.06306122449,8
20,8090,312353.75,52058.950000000004,124410.06306122449,7
22,8090,909.01,151.5,124410.06306122449,1
24,8090,274465.77999999997,45744.29,124410.06306122449,5
23,8090,192400.29,32066.71,124410.06306122449,5
45,8090,33362.9,5560.48,124410.06306122449,1
19,8090,71807.47,11967.91,124410.06306122449,3
33,8090,185001.0,30833.5,124410.06306122449,4
21,8090,56117.6,9352.93,124410.06306122449,2
43,8090,63249.1,10541.52,124410.06306122449,4
5,8090,21190.12,3531.69,124410.06306122449,3
1,8090,50574.44,8429.07,124410.06306122449,3
50,8090,143126.74,23854.46,124410.06306122449,4
2,8090,12221.91,2036.99,124410.06306122449,2
49,8090,260418.05,43403.020000000004,124410.06306122449,7
9,8090,205181.18,34196.86,124410.06306122449,7
13,8090,51681.43,8613.57,124410.06306122449,3
32,8090,116236.41,19372.73,124410.06306122449,6
23,8091,72239.46,12039.91,124876.23897959184,2
15,8091,25027.78,4171.3,124876.23897959184,2
16,8091,99855.52,16642.58,124876.23897959184,2
7,8091,90239.38,15039.890000000001,124876.23897959184,5
17,8091,24119.15,4019.8599999999997,124876.23897959184,2
27,8091,57004.78,9500.8,124876.23897959184,5
41,8091,13879.25,2313.21,124876.23897959184,2
46,8091,43962.58,7327.1,124876.23897959184,2
40,8091,112713.42,18785.57,124876.23897959184,3
24,8091,151156.5,25192.75,124876.23897959184,3
25,8091,103082.75,17180.46,124876.23897959184,4
44,8091,146997.55,24499.589999999997,124876.23897959184,4
34,8091,169685.28,28280.89,124876.23897959184,4
43,8091,344457.03,57409.5,124876.23897959184,7
21,8091,21100.09,3516.6800000000003,124876.23897959184,3
33,8091,59577.79,9929.630000000001,124876.23897959184,4
36,8091,178047.38,29674.56,124876.23897959184,5
3,8091,76104.16,12684.03,124876.23897959184,3
32,8091,70189.6,11698.27,124876.23897959184,4
1,8091,249842.27,41640.38,124876.23897959184,5
2,8091,24849.839999999997,4141.64,124876.23897959184,2
5,8091,152465.47999999998,25410.91,124876.23897959184,3
19,8091,138997.19,23166.2,124876.23897959184,4
45,8091,75023.17,12503.86,124876.23897959184,2
22,8091,177661.16,29610.190000000002,124876.23897959184,8
18,8091,118955.69,19825.95,124876.23897959184,5
35,8091,45718.4,7619.74,124876.23897959184,4
20,8091,45034.27,7505.71,124876.23897959184,3
26,8091,166025.9,27670.989999999998,124876.23897959184,3
6,8091,70949.23000000001,11824.880000000001,124876.23897959184,3
9,8091,68810.19,11468.36,124876.23897959184,4
48,8091,73246.35,12207.73,124876.23897959184,2
28,8091,179150.54,29858.42,124876.23897959184,3
10,8091,300353.33999999997,50058.88,124876.23897959184,6
11,8091,171640.78999999998,28606.8,124876.23897959184,4
30,8091,94373.77,15728.960000000001,124876.23897959184,6
39,8091,224402.0,37400.34,124876.23897959184,3
4,8091,2427.26,404.54,124876.23897959184,1
13,8091,227210.63,37868.439999999995,124876.23897959184,8
47,8091,195463.43,32577.24,124876.23897959184,4
31,8091,24173.77,4028.96,124876.23897959184,5
38,8091,467776.66000000003,77962.78,124876.23897959184,11
12,8091,110847.01000000001,18474.5,124876.23897959184,3
14,8091,233931.83000000002,38988.64,124876.23897959184,8
29,8091,242269.13,40378.2,124876.23897959184,4
50,8091,98508.48999999999,16418.08,124876.23897959184,3
49,8091,67935.68,11322.61,124876.23897959184,4
37,8091,90060.56,15010.099999999999,124876.23897959184,3
42,8091,121392.23,20232.04,124876.23897959184,3
32,8092,12291.84,2048.64,101575.36979591836,1
1,8092,126962.42,21160.4,101575.36979591836,3
21,8092,147193.4,24532.23,101575.36979591836,3
5,8092,39182.68,6530.45,101575.36979591836,3
6,8092,77989.27,12998.21,101575.36979591836,4
19,8092,146127.63,24354.6,101575.36979591836,5
43,8092,5463.61,910.6,101575.36979591836,1
20,8092,95323.11,15887.18,101575.36979591836,4
35,8092,182228.99,30371.5,101575.36979591836,4
18,8092,2868.72,478.12,101575.36979591836,1
3,8092,92534.24,15422.37,101575.36979591836,6
2,8092,284586.42000000004,47431.07,101575.36979591836,7
34,8092,161429.59,26904.93,101575.36979591836,6
27,8092,35385.09,5897.5199999999995,101575.36979591836,3
7,8092,384013.42,64002.25,101575.36979591836,6
8,8092,29428.309999999998,4904.72,101575.36979591836,2
15,8092,35203.729999999996,5867.290000000001,101575.36979591836,2
16,8092,120352.31999999999,20058.73,101575.36979591836,3
44,8092,72681.51,12113.58,101575.36979591836,3
23,8092,9862.36,1643.73,101575.36979591836,1
46,8092,87816.37,14636.06,101575.36979591836,3
41,8092,29497.02,4916.17,101575.36979591836,3
36,8092,85989.94,14331.66,101575.36979591836,2
17,8092,68004.53,11334.09,101575.36979591836,4
25,8092,178081.76,29680.289999999997,101575.36979591836,6
24,8092,131463.38,21910.56,101575.36979591836,5
42,8092,66397.23000000001,11066.2,101575.36979591836,5
37,8092,228037.03,38006.17,101575.36979591836,10
22,8092,65282.57,10880.43,101575.36979591836,1
45,8092,43114.33,7185.719999999999,101575.36979591836,2
31,8092,103971.12,17328.519999999997,101575.36979591836,3
33,8092,127902.90000000001,21317.15,101575.36979591836,4
47,8092,25288.02,4214.67,101575.36979591836,2
38,8092,157120.84,26186.81,101575.36979591836,5
12,8092,125822.98999999999,20970.5,101575.36979591836,5
14,8092,141578.63,23596.44,101575.36979591836,6
29,8092,241973.82,40328.979999999996,101575.36979591836,5
30,8092,116622.02,19437.010000000002,101575.36979591836,6
10,8092,42065.64,7010.9400000000005,101575.36979591836,3
11,8092,60380.68,10063.45,101575.36979591836,3
28,8092,112307.07,18717.85,101575.36979591836,4
48,8092,11175.66,1862.61,101575.36979591836,1
13,8092,146481.77,24413.620000000003,101575.36979591836,4
4,8092,126450.82999999999,21075.14,101575.36979591836,5
39,8092,92488.09,15414.68,101575.36979591836,6
9,8092,55763.81,9293.960000000001,101575.36979591836,4
49,8092,8455.75,1409.29,101575.36979591836,1
40,8092,199402.82,33233.8,101575.36979591836,4
50,8092,37147.84,6191.3099999999995,101575.36979591836,2
50,8093,28632.24,4772.04,109891.86300000001,1
2,8093,118110.37,19685.06,109891.86300000001,3
30,8093,120536.83,20089.48,109891.86300000001,5
33,8093,114227.62999999999,19037.940000000002,109891.86300000001,3
29,8093,212720.66,35453.44,109891.86300000001,5
28,8093,47897.9,7982.98,109891.86300000001,2
27,8093,16680.699999999997,2780.12,109891.86300000001,3
44,8093,116082.76000000001,19347.12,109891.86300000001,3
34,8093,68694.12,11449.02,109891.86300000001,3
26,8093,149858.16999999998,24976.36,109891.86300000001,3
25,8093,125223.20999999999,20870.53,109891.86300000001,4
24,8093,142826.27000000002,23804.38,109891.86300000001,3
35,8093,96607.84,16101.310000000001,109891.86300000001,3
23,8093,304363.75,50727.3,109891.86300000001,9
45,8093,178896.61,29816.1,109891.86300000001,3
22,8093,132821.62,22136.94,109891.86300000001,5
43,8093,52526.47,8754.41,109891.86300000001,3
21,8093,182449.68,30408.27,109891.86300000001,5
20,8093,6205.47,1034.24,109891.86300000001,2
19,8093,124538.45,20756.41,109891.86300000001,3
18,8093,49414.03,8235.67,109891.86300000001,3
36,8093,163809.02,27301.5,109891.86300000001,4
17,8093,18051.35,3008.56,109891.86300000001,1
46,8093,188082.91999999998,31347.15,109891.86300000001,5
16,8093,81288.87000000001,13548.14,109891.86300000001,2
37,8093,153279.78,25546.64,109891.86300000001,4
42,8093,67087.11,11181.189999999999,109891.86300000001,2
15,8093,136901.23,22816.87,109891.86300000001,3
14,8093,128601.75,21433.62,109891.86300000001,3
13,8093,89218.38,14869.73,109891.86300000001,3
47,8093,79517.92,13253.0,109891.86300000001,5
12,8093,80957.31,13492.880000000001,109891.86300000001,2
31,8093,84262.23,14043.71,109891.86300000001,4
11,8093,73183.84,12197.310000000001,109891.86300000001,2
10,8093,20880.1,3480.02,109891.86300000001,2
38,8093,77273.03,12878.84,109891.86300000001,4
9,8093,15020.58,2503.43,109891.86300000001,1
48,8093,203141.58,33856.93,109891.86300000001,5
8,8093,46351.020000000004,7725.17,109891.86300000001,4
7,8093,124451.65,20741.940000000002,109891.86300000001,5
39,8093,141997.49,23666.25,109891.86300000001,2
6,8093,204515.13,34085.85,109891.86300000001,6
5,8093,140766.71,23461.11,109891.86300000001,4
41,8093,170053.02000000002,28342.16,109891.86300000001,7
4,8093,11077.46,1846.24,109891.86300000001,1
3,8093,236516.40000000002,39419.39,109891.86300000001,6
32,8093,103920.31,17320.05,109891.86300000001,1
1,8093,82234.9,13705.82,109891.86300000001,2
40,8093,61873.08,10312.18,109891.86300000001,2
49,8093,120964.2,20160.7,109891.86300000001,5
50,8094,82916.1,13819.349999999999,116791.56857142858,4
31,8094,62224.78,10370.79,116791.56857142858,3
32,8094,91213.03,15202.17,116791.56857142858,2
2,8094,205141.56,34190.26,116791.56857142858,7
30,8094,121629.07,20271.510000000002,116791.56857142858,6
42,8094,160103.6,26683.940000000002,116791.56857142858,4
43,8094,16852.68,2808.78,116791.56857142858,2
24,8094,57394.8,9565.8,116791.56857142858,2
44,8094,127178.17,21196.36,116791.56857142858,4
34,8094,96304.92,16050.81,116791.56857142858,4
26,8094,261143.45,43523.9,116791.56857142858,10
25,8094,97108.51999999999,16184.75,116791.56857142858,4
28,8094,230621.47,38436.92,116791.56857142858,7
27,8094,75627.8,12604.630000000001,116791.56857142858,3
29,8094,167630.16,27938.36,116791.56857142858,6
33,8094,116359.97,19393.32,116791.56857142858,3
18,8094,42407.200000000004,7067.870000000001,116791.56857142858,2
36,8094,117385.41,19564.24,116791.56857142858,4
46,8094,18880.55,3146.7599999999998,116791.56857142858,3
17,8094,210288.53,35048.08,116791.56857142858,5
14,8094,40887.409999999996,6814.57,116791.56857142858,2
15,8094,66798.24,11133.039999999999,116791.56857142858,2
37,8094,38200.91,6366.82,116791.56857142858,2
16,8094,121719.61,20286.6,116791.56857142858,3
13,8094,217141.9,36190.32,116791.56857142858,6
35,8094,50881.8,8480.3,116791.56857142858,2
19,8094,132347.81,22057.97,116791.56857142858,3
20,8094,280700.72,46783.450000000004,116791.56857142858,6
22,8094,157717.56,26286.26,116791.56857142858,4
21,8094,162864.26,27144.05,116791.56857142858,3
23,8094,147609.91,24601.649999999998,116791.56857142858,3
45,8094,101635.44,16939.25,116791.56857142858,5
1,8094,69258.18,11543.03,116791.56857142858,2
40,8094,182154.83000000002,30359.14,116791.56857142858,4
5,8094,111020.81999999999,18503.47,116791.56857142858,2
39,8094,103472.49,17245.42,116791.56857142858,4
4,8094,112120.05,18686.68,116791.56857142858,2
3,8094,102946.09,17157.68,116791.56857142858,4
41,8094,103686.01,17281.0,116791.56857142858,3
6,8094,29972.809999999998,4995.47,116791.56857142858,2
7,8094,92133.09,15355.51,116791.56857142858,4
38,8094,165591.72999999998,27598.63,116791.56857142858,5
48,8094,92270.59,15378.43,116791.56857142858,3
9,8094,118207.39,19701.23,116791.56857142858,4
10,8094,31647.29,5274.55,116791.56857142858,2
11,8094,113510.75,18918.46,116791.56857142858,5
12,8094,5875.59,979.26,116791.56857142858,3
49,8094,261905.68,43650.950000000004,116791.56857142858,6
47,8094,150096.13,25016.02,116791.56857142858,4
23,8095,114606.18,19101.03,122251.52720000001,5
21,8095,197957.59,32992.93,122251.52720000001,6
34,8095,48357.97,8059.67,122251.52720000001,3
19,8095,148336.94,24722.82,122251.52720000001,3
18,8095,126054.63,21009.1,122251.52720000001,7
45,8095,165317.61,27552.93,122251.52720000001,6
20,8095,34020.490000000005,5670.08,122251.52720000001,2
22,8095,149610.26,24935.04,122251.52720000001,5
15,8095,23600.01,3933.33,122251.52720000001,3
13,8095,49829.18,8304.86,122251.52720000001,2
14,8095,166752.35,27792.059999999998,122251.52720000001,6
46,8095,2462.12,410.35,122251.52720000001,1
16,8095,86492.13,14415.36,122251.52720000001,2
17,8095,96567.18,16094.529999999999,122251.52720000001,3
35,8095,188948.0,31491.34,122251.52720000001,8
47,8095,83221.57,13870.26,122251.52720000001,1
38,8095,227250.65,37875.1,122251.52720000001,8
49,8095,58316.28,9719.380000000001,122251.52720000001,2
11,8095,22053.08,3675.5099999999998,122251.52720000001,3
8,8095,62200.06,10366.67,122251.52720000001,4
7,8095,31919.78,5319.96,122251.52720000001,1
9,8095,110526.70999999999,18421.12,122251.52720000001,3
48,8095,249522.28,41587.05,122251.52720000001,4
41,8095,245402.95,40900.49,122251.52720000001,5
3,8095,2117.61,352.94,122251.52720000001,2
6,8095,153684.84,25614.14,122251.52720000001,6
1,8095,104398.94,17399.82,122251.52720000001,6
4,8095,91353.71,15225.619999999999,122251.52720000001,4
5,8095,211313.47999999998,35218.92,122251.52720000001,8
39,8095,111571.61,18595.27,122251.52720000001,2
36,8095,89623.81,14937.3,122251.52720000001,2
33,8095,87269.64,14544.94,122251.52720000001,4
29,8095,3994.88,665.81,122251.52720000001,1
27,8095,22339.87,3723.31,122251.52720000001,4
28,8095,122442.62,20407.1,122251.52720000001,4
26,8095,28851.4,4808.57,122251.52720000001,2
24,8095,239130.29,39855.06,122251.52720000001,6
44,8095,184868.89,30811.480000000003,122251.52720000001,4
2,8095,233914.32,38985.72,122251.52720000001,4
32,8095,173540.67,28923.45,122251.52720000001,9
43,8095,55182.58,9197.1,122251.52720000001,1
42,8095,210018.58000000002,35003.1,122251.52720000001,6
30,8095,248465.2,41410.87,122251.52720000001,7
37,8095,192661.53999999998,32110.25,122251.52720000001,9
12,8095,133624.63,22270.77,122251.52720000001,4
10,8095,189569.11,31594.84,122251.52720000001,6
40,8095,186997.75,31166.29,122251.52720000001,4
31,8095,149886.4,24981.07,122251.52720000001,4
50,8095,41591.8,6931.97,122251.52720000001,1
25,8095,154836.19,25806.03,122251.52720000001,6
14,8096,130764.69,21794.120000000003,118964.4458,2
47,8096,26141.96,4357.0,118964.4458,3
13,8096,198873.79,33145.630000000005,118964.4458,5
15,8096,46011.06,7668.51,118964.4458,3
18,8096,172220.66999999998,28703.44,118964.4458,6
21,8096,156114.01,26019.0,118964.4458,6
22,8096,132202.75,22033.8,118964.4458,6
23,8096,124503.41,20750.57,118964.4458,5
34,8096,270752.28,45125.38,118964.4458,6
17,8096,179263.03,29877.170000000002,118964.4458,4
36,8096,159008.93,26501.48,118964.4458,8
46,8096,80975.07,13495.84,118964.4458,3
19,8096,249757.1,41626.18,118964.4458,8
16,8096,152507.99,25418.0,118964.4458,6
30,8096,148442.47,24740.41,118964.4458,4
42,8096,20322.2,3387.04,118964.4458,2
43,8096,106105.14000000001,17684.190000000002,118964.4458,4
31,8096,104477.37,17412.89,118964.4458,4
2,8096,133140.52,22190.09,118964.4458,3
32,8096,48690.689999999995,8115.12,118964.4458,2
25,8096,251240.54,41873.42,118964.4458,4
44,8096,29889.08,4981.51,118964.4458,3
28,8096,170546.09,28424.35,118964.4458,3
33,8096,66079.88,11013.32,118964.4458,3
29,8096,187334.45,31222.41,118964.4458,6
20,8096,163385.56,27230.920000000002,118964.4458,5
35,8096,75867.13,12644.53,118964.4458,5
45,8096,25872.56,4312.09,118964.4458,1
1,8096,133763.86,22293.98,118964.4458,4
50,8096,134534.47999999998,22422.41,118964.4458,3
24,8096,62513.06,10418.85,118964.4458,4
26,8096,125275.35,20879.22,118964.4458,6
27,8096,13266.6,2211.1,118964.4458,1
49,8096,13358.880000000001,2226.48,118964.4458,2
3,8096,14506.15,2417.69,118964.4458,1
41,8096,90460.48999999999,15076.75,118964.4458,3
4,8096,98722.48000000001,16453.75,118964.4458,4
10,8096,327023.25,54503.880000000005,118964.4458,5
11,8096,30826.579999999998,5137.77,118964.4458,4
37,8096,38236.82,6372.8099999999995,118964.4458,3
12,8096,82654.15,13775.689999999999,118964.4458,3
6,8096,152535.38,25422.56,118964.4458,5
39,8096,120270.13,20045.03,118964.4458,4
48,8096,363535.54,60589.259999999995,118964.4458,8
5,8096,84173.85,14028.980000000001,118964.4458,3
9,8096,2567.68,427.95,118964.4458,1
38,8096,7811.51,1301.92,118964.4458,1
8,8096,180856.63,30142.77,118964.4458,6
40,8096,79776.98999999999,13296.17,118964.4458,4
7,8096,181062.01,30177.0,118964.4458,5
1,8097,19476.52,3246.09,119690.47163265306,3
31,8097,210198.19,35033.03,119690.47163265306,3
43,8097,26996.14,4499.36,119690.47163265306,1
2,8097,1094.96,182.49,119690.47163265306,1
44,8097,233.11,38.85,119690.47163265306,1
28,8097,145003.36000000002,24167.23,119690.47163265306,5
27,8097,121183.03,20197.17,119690.47163265306,4
25,8097,128058.58,21343.1,119690.47163265306,5
26,8097,166166.18,27694.37,119690.47163265306,6
24,8097,115545.46,19257.57,119690.47163265306,3
34,8097,12704.51,2117.42,119690.47163265306,1
47,8097,1099.85,183.31,119690.47163265306,1
13,8097,12436.93,2072.82,119690.47163265306,1
15,8097,123701.6,20616.93,119690.47163265306,6
14,8097,137513.59000000003,22918.93,119690.47163265306,5
17,8097,165698.01,27616.34,119690.47163265306,4
36,8097,202399.29,33733.22,119690.47163265306,5
46,8097,119425.31,19904.22,119690.47163265306,2
16,8097,14832.0,2472.0,119690.47163265306,2
35,8097,89019.67,14836.61,119690.47163265306,3
21,8097,286206.4,47701.07,119690.47163265306,7
23,8097,46000.4,7666.73,119690.47163265306,2
22,8097,15031.9,2505.32,119690.47163265306,1
45,8097,45540.45,7590.08,119690.47163265306,2
20,8097,114164.29000000001,19027.38,119690.47163265306,4
18,8097,150667.08,25111.18,119690.47163265306,2
50,8097,174234.18,29039.03,119690.47163265306,5
33,8097,177990.47,29665.079999999998,119690.47163265306,4
42,8097,118684.48,19780.75,119690.47163265306,5
29,8097,217825.56,36304.27,119690.47163265306,7
30,8097,94307.99,15718.0,119690.47163265306,6
32,8097,3071.46,511.91,119690.47163265306,1
7,8097,245608.86,40934.81,119690.47163265306,4
38,8097,123354.26999999999,20559.039999999997,119690.47163265306,5
8,8097,67979.03,11329.84,119690.47163265306,2
5,8097,356122.5,59353.74,119690.47163265306,7
48,8097,112028.32,18671.39,119690.47163265306,5
39,8097,86962.46,14493.740000000002,119690.47163265306,3
9,8097,391900.68,65316.78,119690.47163265306,9
12,8097,152884.16,25480.690000000002,119690.47163265306,3
37,8097,97056.57,16176.1,119690.47163265306,6
11,8097,124024.45,20670.739999999998,119690.47163265306,6
10,8097,157906.16999999998,26317.7,119690.47163265306,4
49,8097,75098.25,12516.38,119690.47163265306,4
3,8097,130315.84,21719.3,119690.47163265306,4
41,8097,155094.41999999998,25849.07,119690.47163265306,5
4,8097,255940.19,42656.700000000004,119690.47163265306,7
6,8097,23794.190000000002,3965.7,119690.47163265306,2
40,8097,52251.799999999996,8708.63,119690.47163265306,5
50,8098,207955.01,34659.159999999996,129506.35699999999,4
1,8098,52849.52,8808.25,129506.35699999999,3
39,8098,4331.46,721.91,129506.35699999999,1
40,8098,155522.74,25920.46,129506.35699999999,3
41,8098,116317.4,19386.23,129506.35699999999,3
36,8098,63767.979999999996,10628.0,129506.35699999999,3
37,8098,147008.16,24501.36,129506.35699999999,3
38,8098,99436.59,16572.760000000002,129506.35699999999,3
32,8098,147228.01,24538.0,129506.35699999999,7
31,8098,142216.76,23702.79,129506.35699999999,3
30,8098,423952.65,70658.77,129506.35699999999,7
43,8098,139387.41999999998,23231.24,129506.35699999999,4
42,8098,204909.74,34151.63,129506.35699999999,7
33,8098,278222.05,46370.34,129506.35699999999,9
34,8098,138208.65,23034.78,129506.35699999999,6
35,8098,131487.29,21914.550000000003,129506.35699999999,3
22,8098,154462.8,25743.800000000003,129506.35699999999,3
21,8098,110205.56,18367.59,129506.35699999999,3
45,8098,120451.48,20075.25,129506.35699999999,3
20,8098,71856.47,11976.08,129506.35699999999,3
46,8098,131080.0,21846.66,129506.35699999999,7
17,8098,190466.16,31744.36,129506.35699999999,8
18,8098,181325.18,30220.85,129506.35699999999,7
19,8098,100324.69999999998,16720.79,129506.35699999999,3
25,8098,72489.39,12081.570000000002,129506.35699999999,2
24,8098,86493.35,14415.55,129506.35699999999,3
23,8098,95990.51000000001,15998.42,129506.35699999999,2
26,8098,202737.72,33789.619999999995,129506.35699999999,7
27,8098,186939.77,31156.63,129506.35699999999,5
44,8098,68075.78,11345.97,129506.35699999999,2
28,8098,37642.03,6273.67,129506.35699999999,1
29,8098,117069.12000000001,19511.52,129506.35699999999,5
16,8098,2551.09,425.17999999999995,129506.35699999999,2
6,8098,78564.27,13094.050000000001,129506.35699999999,2
5,8098,54585.700000000004,9097.61,129506.35699999999,2
48,8098,189917.62,31652.940000000002,129506.35699999999,6
49,8098,149469.83,24911.64,129506.35699999999,3
2,8098,118408.07,19734.68,129506.35699999999,5
3,8098,120269.11,20044.85,129506.35699999999,4
9,8098,12557.98,2093.0,129506.35699999999,1
11,8098,60036.28999999999,10006.04,129506.35699999999,4
10,8098,163921.46,27320.25,129506.35699999999,6
8,8098,245507.7,40917.95,129506.35699999999,5
12,8098,92222.85999999999,15370.48,129506.35699999999,3
47,8098,208161.63999999998,34693.6,129506.35699999999,10
13,8098,95595.25,15932.54,129506.35699999999,5
14,8098,177972.07,29662.010000000002,129506.35699999999,5
4,8098,116265.94999999998,19377.66,129506.35699999999,4
7,8098,76010.61,12668.429999999998,129506.35699999999,7
15,8098,132888.9,22148.15,129506.35699999999,3
44,8099,146399.79,24399.97,119551.44520833333,4
28,8099,62053.780000000006,10342.3,119551.44520833333,2
23,8099,173947.92,28991.32,119551.44520833333,4
22,8099,85774.75,14295.79,119551.44520833333,2
25,8099,45948.03,7658.0,119551.44520833333,3
27,8099,128385.44,21397.57,119551.44520833333,2
45,8099,95287.15000000001,15881.189999999999,119551.44520833333,3
18,8099,49248.41,8208.07,119551.44520833333,1
16,8099,143307.15,23884.52,119551.44520833333,6
46,8099,60500.8,10083.47,119551.44520833333,1
20,8099,176024.69999999998,29337.45,119551.44520833333,7
19,8099,104210.66,17368.44,119551.44520833333,4
21,8099,54366.69,9061.119999999999,119551.44520833333,2
24,8099,28492.58,4748.76,119551.44520833333,1
15,8099,56873.7,9478.95,119551.44520833333,1
13,8099,102215.19,17035.87,119551.44520833333,4
12,8099,117488.20000000001,19581.37,119551.44520833333,5
47,8099,152277.71,25379.62,119551.44520833333,5
9,8099,274494.32,45749.05,119551.44520833333,5
8,8099,114922.54000000001,19153.760000000002,119551.44520833333,4
10,8099,117739.51999999999,19623.25,119551.44520833333,6
11,8099,61775.45,10295.9,119551.44520833333,7
4,8099,100322.05,16720.34,119551.44520833333,2
3,8099,99792.61,16632.1,119551.44520833333,2
2,8099,56979.590000000004,9496.599999999999,119551.44520833333,3
49,8099,352278.43000000005,58713.07000000001,119551.44520833333,7
48,8099,154447.53,25741.26,119551.44520833333,6
5,8099,70942.16,11823.69,119551.44520833333,3
6,8099,152025.43,25337.58,119551.44520833333,3
26,8099,38415.19,6402.530000000001,119551.44520833333,2
35,8099,351890.0,58648.33,119551.44520833333,10
34,8099,96600.0,16100.0,119551.44520833333,3
33,8099,174827.71,29137.960000000003,119551.44520833333,4
42,8099,78168.43,13028.07,119551.44520833333,2
43,8099,122250.18,20375.03,119551.44520833333,6
30,8099,79670.16,13278.36,119551.44520833333,3
31,8099,26238.37,4373.06,119551.44520833333,1
32,8099,102079.95,17013.329999999998,119551.44520833333,5
38,8099,159233.05,26538.84,119551.44520833333,6
37,8099,126750.66,21125.1,119551.44520833333,4
36,8099,97060.73000000001,16176.79,119551.44520833333,2
41,8099,195797.40000000002,32632.9,119551.44520833333,4
40,8099,56314.69,9385.78,119551.44520833333,2
39,8099,157121.31,26186.89,119551.44520833333,5
1,8099,264788.51,44131.41,119551.44520833333,6
7,8099,21562.67,3593.78,119551.44520833333,3
14,8099,105479.06999999999,17579.84,119551.44520833333,5
50,8099,145699.01,24283.17,119551.44520833333,2
17,8100,120392.95999999999,20065.49,114088.71612244898,2
46,8100,381460.51,63576.75,114088.71612244898,6
20,8100,6919.299999999999,1153.21,114088.71612244898,2
21,8100,32853.88,5475.64,114088.71612244898,2
45,8100,268679.99,44780.0,114088.71612244898,6
18,8100,63269.25,10544.869999999999,114088.71612244898,4
24,8100,67121.86,11186.98,114088.71612244898,4
26,8100,58097.759999999995,9682.96,114088.71612244898,3
28,8100,127704.08,21284.010000000002,114088.71612244898,3
27,8100,154838.91,25806.480000000003,114088.71612244898,6
23,8100,180242.26,30040.38,114088.71612244898,5
25,8100,23914.71,3985.79,114088.71612244898,4
44,8100,3753.46,625.58,114088.71612244898,1
19,8100,138151.15,23025.190000000002,114088.71612244898,2
36,8100,147976.96,24662.82,114088.71612244898,4
41,8100,36237.46,6039.58,114088.71612244898,1
38,8100,17668.48,2944.75,114088.71612244898,3
37,8100,129214.34,21535.73,114088.71612244898,4
1,8100,88072.22,14678.7,114088.71612244898,2
50,8100,86486.95999999999,14414.49,114088.71612244898,2
40,8100,89910.98999999999,14985.17,114088.71612244898,3
39,8100,157339.59,26223.27,114088.71612244898,6
33,8100,122200.73999999999,20366.79,114088.71612244898,5
42,8100,103465.1,17244.18,114088.71612244898,3
35,8100,59117.42,9852.9,114088.71612244898,2
34,8100,137299.52,22883.25,114088.71612244898,2
31,8100,62574.39,10429.06,114088.71612244898,6
32,8100,237134.39,39522.39,114088.71612244898,6
43,8100,38143.94,6357.32,114088.71612244898,3
30,8100,375576.17,62596.05,114088.71612244898,9
29,8100,183879.55,30646.59,114088.71612244898,5
2,8100,121776.26,20296.04,114088.71612244898,2
4,8100,46887.65,7814.61,114088.71612244898,1
3,8100,57140.9,9523.48,114088.71612244898,1
6,8100,247404.87,41234.14,114088.71612244898,5
7,8100,82653.67,13775.61,114088.71612244898,1
48,8100,57692.72,9615.45,114088.71612244898,2
5,8100,98625.86000000002,16437.64,114088.71612244898,4
12,8100,15653.96,2608.99,114088.71612244898,1
11,8100,185392.49000000002,30898.760000000002,114088.71612244898,4
14,8100,142983.81,23830.64,114088.71612244898,3
13,8100,271676.55,45279.42,114088.71612244898,5
47,8100,109509.20999999999,18251.53,114088.71612244898,5
10,8100,57529.979999999996,9588.33,114088.71612244898,3
8,8100,135501.11000000002,22583.510000000002,114088.71612244898,4
9,8100,39641.87,6606.98,114088.71612244898,2
15,8100,204747.29,34124.54,114088.71612244898,5
22,8100,14137.25,2356.21,114088.71612244898,2
16,8100,1693.34,282.22,114088.71612244898,1
35,8101,19495.550000000003,3249.26,66696.75325581395,3
1,8101,32125.739999999998,5354.3,66696.75325581395,3
41,8101,107902.77,17983.8,66696.75325581395,3
38,8101,165806.39,27634.4,66696.75325581395,5
37,8101,101899.07,16983.18,66696.75325581395,4
32,8101,13439.45,2239.91,66696.75325581395,1
33,8101,126043.5,21007.260000000002,66696.75325581395,4
34,8101,36064.36,6010.73,66696.75325581395,1
42,8101,51128.96,8521.49,66696.75325581395,1
43,8101,56588.240000000005,9431.38,66696.75325581395,2
50,8101,109916.78,18319.46,66696.75325581395,3
40,8101,34146.42,5691.07,66696.75325581395,3
39,8101,32147.940000000002,5357.98,66696.75325581395,4
17,8101,105934.24,17655.7,66696.75325581395,2
46,8101,5860.38,976.73,66696.75325581395,1
45,8101,64580.270000000004,10763.380000000001,66696.75325581395,3
19,8101,5445.62,907.6,66696.75325581395,2
20,8101,58504.02,9750.67,66696.75325581395,3
21,8101,22175.300000000003,3695.8900000000003,66696.75325581395,2
44,8101,45691.22,7615.21,66696.75325581395,2
22,8101,61251.25,10208.54,66696.75325581395,3
25,8101,62715.979999999996,10452.67,66696.75325581395,2
26,8101,92350.96,15391.83,66696.75325581395,3
28,8101,14591.43,2431.91,66696.75325581395,2
27,8101,29814.41,4969.07,66696.75325581395,1
23,8101,79274.5,13212.41,66696.75325581395,3
24,8101,53702.740000000005,8950.46,66696.75325581395,2
30,8101,116787.86,19464.65,66696.75325581395,4
29,8101,64249.38,10708.23,66696.75325581395,2
8,8101,69681.83,11613.64,66696.75325581395,3
47,8101,130812.98,21802.16,66696.75325581395,2
10,8101,71842.66,11973.779999999999,66696.75325581395,2
9,8101,89423.11,14903.85,66696.75325581395,4
12,8101,67172.63,11195.44,66696.75325581395,1
14,8101,7049.9,1174.98,66696.75325581395,1
11,8101,192270.91999999998,32045.16,66696.75325581395,4
6,8101,120094.83,20015.809999999998,66696.75325581395,4
5,8101,21440.32,3573.39,66696.75325581395,1
48,8101,19929.72,3321.62,66696.75325581395,2
7,8101,12097.26,2016.21,66696.75325581395,1
4,8101,104401.29999999999,17400.22,66696.75325581395,2
3,8101,14999.720000000001,2499.96,66696.75325581395,2
2,8101,177108.48,29518.09,66696.75325581395,3
